id,imageExt,title,year,medium,dimensions,series,kind,featured,featuredOrder,order,description
2022-wires over a sunset cloud,jpg,Wires Over a Sunset Cloud,2022,oil on canvas,14x14,,work,TRUE,4,,"Based on a photograph, this painting elevates a commonplace urban view into a moment of quiet beauty. A soft cloud, illuminated by the warm light of sunset, provides a natural counterpoint to the man-made structures."
2020- winter bear statue,jpg,Winter Bear Statue,2020,oil on canvas,8x10,,work,,,,"I discovered the subject for this painting during a winter walk in my neighborhood. I saw this charming bear statue, about 80cm tall, holding a small lantern. I found it so endearing and whimsical. This piece is my effort to capture that simple, unexpected moment of delight on a cold day."
2017-where sight takes flight,jpg,Where Sight Takes Flight,2017,oil on canvas,11x14,,work,,,,"Here, physical sight takes flight on delicate wings, trading the world seen for the world felt. Her eyes are veiled, not in darkness, but in a fragile, living curtain."
2020-where light lingers,jpg,Where Light Lingers,2020,oil on canvas,11x14,,work,,,,"Based on a photograph, this painting depicts a girl in a school uniform during the golden hour. Viewed from behind, her figure is set against a vast sky, capturing a quiet and nostalgic mood."
2020-yellow fruit study,jpg,Yellow Fruit Study,2020,watercolor,9x12,,studies,,,,"A watercolor still life fruit study on 9x12 inch cotton paper, created as a practice piece through reference painting."
2022-vietnamese girl in field,jpg,Vietnamese Girl in Field,2022,Oil on board,12x14,,work,,,,"An oil painting of a Vietnamese girl in a blue coat and traditional hat, inspired by a photograph, standing in a lush field of wildflowers."
2025-the fish thief,jpg,The Fish Thief,2025,oil on canvas,12x16,,work,,,,"In this piece, I wanted to translate a fleeting, amusing scene into a lasting narrative on canvas. The cool, atmospheric tones of the fishing port serve as a backdrop to the sharp contrast and determination of the 'fish thief,' highlighting my interest in blending realistic animal portraiture with dynamic storytelling."
2023-trees by sunset,jpg,Trees by Sunset,2023,oil on canvas,11x14,,work,,,,"Glowing marsh sunset sets silhouetted trees against a sky of tangerine and rose, with the sinking sun mirrored in calm water for a quiet, reflective mood."
2020-tiger portrait i,jpg,Tiger Portrait I,2020,watercolor,7.5x9.5,,work,,,,"A practice study portraying a tiger in rich, warm tones. Fine brushwork captures the texture of its fur and the intensity of its gaze, while the dark, blurred background draws focus to the animal's expressive face."
2017-crowned bunny girl,jpg,Crowned Bunny Girl,2017,oil on canvas,11x14,,work,,,,"An oil painting topped with a crowned lop-ear bunny I once raised, created in 2017 when I began exploring oil painting. Before this, my color work primarily focused on watercolor, adding a unique blend of techniques to this whimsical piece."
2022-the traveler and the tinch,jpg,The Traveler and the Finch,2022,Oil on board,11x15,,work,,,,"This portrait, based on a photograph, is a study of skin tones in cool shadow."
2022-furry force- fighter pilot,jpg,Furry Force- Fighter Pilot,2022,oil on canvas,16x20,furry force,work,TRUE,2,,"A painting combining the imagery of a rabbit with the attire of a fighter pilot. The softness of the animal contrasts sharply with the disciplined, almost mechanical nature of military aviation."
2024-furry force-leatha lfluff,jpg,Furry Force- Lethal Fluff,2024,oil on canvas,36x24,furry force,work,TRUE,1,,"Part of the Furry Forces series, this work pairs soft, endearing rabbits with regimented military gear to reframe conflict through cuteness"
2022-furry force- night out swat,jpg,Furry Force - Night Out SWAT,2022,oil on canvas,11x14,furry force,work,,,,"A rabbit portrayed as a SWAT operative, seen off duty at night after a mission. The neon city lights and playful attire contrast with the figure's military role."
2020-a pool day i,jpg,A Pool Day I,2020,oil on canvas,14x14,,work,TRUE,5,,"As someone who has always loved water and swimming, I feel a deep sense of tranquility near pools. This painting, and the series it's part of, was inspired by a photograph that perfectly captured that feeling of quiet and leisure. I felt an immediate desire to translate that lazy, peaceful atmosphere onto the canvas, using cool tones and fluid brushwork to express the calm escape that water represents to me."
2020-sun-kissed peaches,jpg,Sun-Kissed Peaches,2020,oil on canvas,20x16,,work,,,,"I used a bold, impressionistic color palette to translate the feeling of natural vitality onto the canvas. By layering warm reds and oranges against the cool turquoise, I sought to express the intense energy and vibrant glow of life in the natural world."
2020-penguin haven,jpg,Penguin Haven,2020,oil on canvas,24x18,,work,TRUE,3,,"This piece is an observation of life in one of the earth's most remote environments. I was drawn to the contrast between the penguins' playful presence and the immense, open horizon. Through layered oil techniques, I sought to convey a sense of freedom and the breathtaking scale of the wilderness that resonates with my own feelings of peace."
2019-green hills,jpg,Green Hills,2019,oil on canvas,8x10,,work,,,,"The composition features a field of yellow wildflowers in the foreground, rolling green hills, and a small alpine lake in the distance."
2020-open to the new day,jpg,Open to the new day,2020,oil on canvas,32x28,,work,,,,"This painting was my first venture into large-scale oil painting, and it marked a turning point in my practice. While working on this canvas, I discovered the profound sense of immersion that comes with creating on a larger scale. "
2020-lop-eared rabbit i,jpg,Lop-Eared Rabbit I,2020,oil on canvas,8x10,,work,,,,"Based on a photograph, this portrait captures the rabbit's whimsical and studious nature. "
2020-lop-eared rabbit ii,jpg,Lop-Eared Rabbit II,2020,oil on canvas,8x11,,work,,,,
2020-bathed in afternoon light by the window,jpg,Bathed in Afternoon Light by the Window,2020,oil on canvas,11x14,,work,,,,"Based on a photograph, this painting captures the dramatic effect of a sunset window casting long shadows across a studio."
2019-rainy street scene,jpg,Rainy Street Scene ,2019,watercolor,9x12,,work,,,,"A study piece capturing the glow of city lights against a rainy, misty day. The reflections on the wet pavement and tram rails create depth and atmosphere."
2026-purrtrait i,jpg,Purrtrait I,2026,oil on canvas,8x8,,work,,,,
2024-furry assembly,jpg,Furry Assembly,2024,oil on canvas,36x32,,work,,,,"This painting features 91 pets, all based on photos sent to me by friends and colleagues. At the very center is my own cat, Chopper, a Siamese wearing a yellow cone of shame. It's the piece I've spent the longest time on—around 180 hours in total, averaging about two hours per pet.There were moments when I felt like giving up, but this focused practice truly helped me grow more fluid and confident with each brushstroke. I painted them row by row, starting from the bottom right corner and working upward across the canvas."
