id,step,title,description
1a,1,Send Me An Email With The Following Info,"1. Please tell me about the painting you have in mind
2. Is there a particular painting of mine that is similar in style to what you have in mind?
3. What size do you need?
4. What is your budget range?
5. Do you have a deadline? If so, when?
6. What time of day works best for our call?
7. Your name and email"
2a,2,Schedule An Introductory Call,To discuss your ideas.
2b,2,Put Down A 50% Deposit,"When you're ready to move forward, you'll put down a deposit and we'll get started!"
3a,3,Approve The Initial Design Sketch,"You approve the initial design sketch, I paint, and then you review the painting and provide feedback until it's finalized."
3b,3,Pay Final 50% And Enjoy!,"When the painting is completed, I'll send you a preview photo by email. Once the remaining 50% balance is paid, the original artwork will be shipped (fee quoted separately based on location) or available for local pickup (Toronto area)."
