id,order,question,answer
how-to-enroll,1,如何报名参加课程？,通过微信或电话联系我们。我们会问一些孩子的基本信息（年龄，性别以及之前的画作），然后安排试听。
trial-fee,2,请问试听收费吗？,需要试听请用微信或打电话联系我们。试听不收取任何费用，但是只提供一次试听机会。
class-size,3,一个班几人？,课程都是一个班级最多不超过 7 人。
missed-class,4,缺课如何处理？,"Every lesson is prepared individually, and we work very hard to accommodate everybody's schedule. Each student is allowed only two missing classes by informing us at least 24 hours prior to class time. Students may receive up to two make-up classes per session. No fee will be refunded for missed classes.

因为任何原因（事假或病假）请假，一个学期内一般在两次或以内，可以在同一个月内选择课程补课。"
tuition,5,如何交学费？,"线下课：每 3 个月月初交一次学费（2 小时课程）。可以 E-transfer 到 huangcheng1347@gmail.com（请备注学生姓名），或使用现金。

家庭折扣：如果您有超过一个孩子参加课程，第二个孩子的学费可享额外 10% off 的折扣。"
